/*
SQLyog Ultimate v12.08 (64 bit)
MySQL - 8.0.13 : Database - yougoods_mall_db
*********************************************************************
*/

/*!40101 SET NAMES utf8 */;

/*!40101 SET SQL_MODE=''*/;

/*!40014 SET @OLD_UNIQUE_CHECKS=@@UNIQUE_CHECKS, UNIQUE_CHECKS=0 */;
/*!40014 SET @OLD_FOREIGN_KEY_CHECKS=@@FOREIGN_KEY_CHECKS, FOREIGN_KEY_CHECKS=0 */;
/*!40101 SET @OLD_SQL_MODE=@@SQL_MODE, SQL_MODE='NO_AUTO_VALUE_ON_ZERO' */;
/*!40111 SET @OLD_SQL_NOTES=@@SQL_NOTES, SQL_NOTES=0 */;
CREATE DATABASE /*!32312 IF NOT EXISTS*/`yougoods_mall_db` /*!40100 DEFAULT CHARACTER SET utf8mb4 COLLATE utf8mb4_0900_ai_ci */;

USE `yougoods_mall_db`;

/*Table structure for table `tb_yougoods_mall_admin_user` */

DROP TABLE IF EXISTS `tb_yougoods_mall_admin_user`;

CREATE TABLE `tb_yougoods_mall_admin_user` (
  `admin_user_id` int(11) NOT NULL AUTO_INCREMENT COMMENT '管理员id',
  `login_user_name` varchar(50) CHARACTER SET utf8 COLLATE utf8_general_ci NOT NULL COMMENT '管理员登陆名称',
  `login_password` varchar(50) CHARACTER SET utf8 COLLATE utf8_general_ci NOT NULL COMMENT '管理员登陆密码',
  `nick_name` varchar(50) CHARACTER SET utf8 COLLATE utf8_general_ci NOT NULL COMMENT '管理员显示昵称',
  `locked` tinyint(4) DEFAULT '0' COMMENT '是否锁定 0未锁定 1已锁定无法登陆',
  PRIMARY KEY (`admin_user_id`) USING BTREE
) ENGINE=InnoDB AUTO_INCREMENT=4 DEFAULT CHARSET=utf8 ROW_FORMAT=DYNAMIC;

/*Data for the table `tb_yougoods_mall_admin_user` */

insert  into `tb_yougoods_mall_admin_user`(`admin_user_id`,`login_user_name`,`login_password`,`nick_name`,`locked`) values (1,'admin','e10adc3949ba59abbe56e057f20f883e','十三',0),(2,'newbee-admin1','e10adc3949ba59abbe56e057f20f883e','新蜂01',0),(3,'newbee-admin2','e10adc3949ba59abbe56e057f20f883e','新蜂02',0);

/*Table structure for table `tb_yougoods_mall_carousel` */

DROP TABLE IF EXISTS `tb_yougoods_mall_carousel`;

CREATE TABLE `tb_yougoods_mall_carousel` (
  `carousel_id` int(11) NOT NULL AUTO_INCREMENT COMMENT '首页轮播图主键id',
  `carousel_url` varchar(100) CHARACTER SET utf8 COLLATE utf8_general_ci NOT NULL DEFAULT '' COMMENT '轮播图',
  `redirect_url` varchar(100) CHARACTER SET utf8 COLLATE utf8_general_ci NOT NULL DEFAULT '''##''' COMMENT '点击后的跳转地址(默认不跳转)',
  `carousel_rank` int(11) NOT NULL DEFAULT '0' COMMENT '排序值(字段越大越靠前)',
  `is_deleted` tinyint(4) NOT NULL DEFAULT '0' COMMENT '删除标识字段(0-未删除 1-已删除)',
  `create_time` datetime NOT NULL DEFAULT CURRENT_TIMESTAMP COMMENT '创建时间',
  `create_user` int(11) NOT NULL DEFAULT '0' COMMENT '创建者id',
  `update_time` datetime NOT NULL DEFAULT CURRENT_TIMESTAMP COMMENT '修改时间',
  `update_user` int(11) NOT NULL DEFAULT '0' COMMENT '修改者id',
  PRIMARY KEY (`carousel_id`) USING BTREE
) ENGINE=InnoDB AUTO_INCREMENT=18 DEFAULT CHARSET=utf8 ROW_FORMAT=DYNAMIC;

/*Data for the table `tb_yougoods_mall_carousel` */

insert  into `tb_yougoods_mall_carousel`(`carousel_id`,`carousel_url`,`redirect_url`,`carousel_rank`,`is_deleted`,`create_time`,`create_user`,`update_time`,`update_user`) values (12,'http://localhost:28089/upload/20200513_21540919.jpg','##',0,0,'2020-05-13 21:54:10',0,'2020-05-13 21:54:10',0),(13,'http://localhost:28089/upload/20200513_21541778.jpg','##',0,0,'2020-05-13 21:54:18',0,'2020-05-13 21:54:18',0),(14,'http://localhost:28089/admin/dist/img/img-upload.png','##',0,1,'2020-06-03 21:24:18',0,'2020-06-03 21:24:24',0),(15,'http://localhost:28089/upload/20200603_21261957.jpg','##',0,1,'2020-06-03 21:26:21',0,'2020-06-03 21:26:28',0),(16,'http://localhost:28089/upload/20200603_21271833.jpg','##',0,1,'2020-06-03 21:27:20',0,'2020-06-03 21:27:45',0),(17,'http://localhost:28089/upload/20200603_21383796.jpg','##',0,1,'2020-06-03 21:38:38',0,'2020-06-03 21:39:39',0);

/*Table structure for table `tb_yougoods_mall_goods_category` */

DROP TABLE IF EXISTS `tb_yougoods_mall_goods_category`;

CREATE TABLE `tb_yougoods_mall_goods_category` (
  `category_id` bigint(20) NOT NULL AUTO_INCREMENT COMMENT '分类id',
  `category_level` tinyint(4) NOT NULL DEFAULT '0' COMMENT '分类级别(1-一级分类 2-二级分类 3-三级分类)',
  `parent_id` bigint(20) NOT NULL DEFAULT '0' COMMENT '父分类id',
  `category_name` varchar(50) CHARACTER SET utf8 COLLATE utf8_general_ci NOT NULL DEFAULT '' COMMENT '分类名称',
  `category_rank` int(11) NOT NULL DEFAULT '0' COMMENT '排序值(字段越大越靠前)',
  `is_deleted` tinyint(4) NOT NULL DEFAULT '0' COMMENT '删除标识字段(0-未删除 1-已删除)',
  `create_time` datetime NOT NULL DEFAULT CURRENT_TIMESTAMP COMMENT '创建时间',
  `create_user` int(11) NOT NULL DEFAULT '0' COMMENT '创建者id',
  `update_time` datetime NOT NULL DEFAULT CURRENT_TIMESTAMP COMMENT '修改时间',
  `update_user` int(11) DEFAULT '0' COMMENT '修改者id',
  PRIMARY KEY (`category_id`) USING BTREE
) ENGINE=InnoDB AUTO_INCREMENT=164 DEFAULT CHARSET=utf8 ROW_FORMAT=DYNAMIC;

/*Data for the table `tb_yougoods_mall_goods_category` */

insert  into `tb_yougoods_mall_goods_category`(`category_id`,`category_level`,`parent_id`,`category_name`,`category_rank`,`is_deleted`,`create_time`,`create_user`,`update_time`,`update_user`) values (15,1,0,'数码 手机',100,0,'2019-09-11 18:45:40',0,'2019-09-11 18:45:40',0),(16,1,0,'课本 考研',99,0,'2019-09-11 18:46:07',0,'2019-09-11 18:46:07',0),(18,2,15,'二手数码',9,0,'2019-09-11 18:46:43',0,'2019-09-11 18:46:43',0),(19,2,15,'二手手机',8,0,'2019-09-11 18:46:52',0,'2019-09-11 18:46:52',0),(34,3,18,'平板电脑',0,0,'2019-09-11 18:50:08',0,'2019-09-11 18:50:08',0),(36,3,18,'四/六级收音机',0,0,'2019-09-11 18:50:36',0,'2019-09-11 18:50:36',0),(37,3,18,'微单相机',0,0,'2019-09-11 18:50:57',0,'2019-09-11 18:50:57',0),(39,3,18,'单反相机',0,0,'2019-09-11 18:52:26',0,'2019-09-11 18:52:26',0),(40,3,18,'键盘鼠标',0,0,'2019-09-11 18:52:46',0,'2019-09-11 18:52:46',0),(41,3,18,'耳机',0,0,'2019-09-11 18:53:01',0,'2019-09-11 18:53:01',0),(42,3,18,'笔记本电脑',0,0,'2019-09-11 18:53:08',0,'2019-09-11 18:53:08',0),(44,3,19,'iPhone',89,0,'2019-09-11 18:53:49',0,'2019-09-11 18:54:38',0),(45,3,19,'荣耀',99,0,'2019-09-11 18:53:59',0,'2019-09-18 13:40:59',0),(46,3,19,'华为',98,0,'2019-09-11 18:54:20',0,'2019-09-18 13:40:51',0),(52,3,19,'红米',0,0,'2019-09-11 18:55:58',0,'2019-09-11 18:55:58',0),(53,3,19,'OPPO',0,0,'2019-09-11 18:56:06',0,'2019-09-11 18:56:06',0),(54,3,19,'一加',0,0,'2019-09-11 18:56:12',0,'2019-09-11 18:56:12',0),(55,3,19,'小米',0,0,'2019-09-11 18:56:37',0,'2019-09-11 18:56:37',0),(57,3,19,'vivo',0,0,'2019-09-11 18:57:01',0,'2019-09-11 18:57:01',0),(59,1,0,'运动 户外',97,0,'2019-09-12 00:08:46',0,'2019-09-12 00:08:46',0),(60,1,0,'生活 娱乐 ',96,0,'2019-09-12 00:09:00',0,'2019-09-12 00:09:00',0),(61,1,0,'宿舍 神器',98,0,'2019-09-12 00:09:27',0,'2019-09-12 00:09:27',0),(62,1,0,'美妆 清洁',94,0,'2019-09-12 00:09:51',0,'2019-09-17 18:22:34',0),(63,1,0,'其它',-1,0,'2020-05-04 20:02:22',0,'2020-05-04 20:02:22',0),(64,1,0,'精致 饰品',92,0,'2019-09-12 00:10:35',0,'2019-09-12 00:16:30',0),(66,1,0,'箱包 配件',91,0,'2019-09-12 00:11:30',0,'2019-09-12 00:11:30',0),(67,2,16,'旧课本',10,0,'2019-09-12 00:15:19',0,'2019-09-12 00:15:19',0),(68,2,16,'考研资料',9,0,'2019-09-12 00:15:28',0,'2019-09-12 00:15:28',0),(70,2,61,'宿舍神器',10,0,'2019-09-12 00:20:22',0,'2019-09-12 00:20:22',0),(73,2,59,'运动户外',10,0,'2019-09-12 00:20:49',0,'2019-09-12 00:20:49',0),(76,3,67,'大一课本',10,0,'2019-09-12 00:21:55',0,'2019-09-12 00:21:55',0),(77,3,70,'床上小书桌',10,0,'2019-09-12 00:22:21',0,'2019-09-12 00:22:21',0),(78,3,73,'篮球',21,0,'2019-09-12 00:22:42',0,'2019-09-12 00:22:42',0),(79,2,60,'生活娱乐',10,0,'2019-09-12 00:23:13',0,'2019-09-12 00:23:13',0),(82,3,79,'健身卡',10,0,'2019-09-12 00:23:44',0,'2019-09-12 00:23:44',0),(83,2,62,'美妆',10,0,'2019-09-12 00:23:58',0,'2019-09-17 18:22:44',0),(85,2,62,'清洁',8,0,'2019-09-12 00:24:15',0,'2019-09-17 18:22:51',0),(86,3,83,'口红',10,0,'2019-09-12 00:24:38',0,'2019-09-17 18:23:08',0),(87,2,63,'其它',10,0,'2019-09-12 00:24:56',0,'2019-09-12 00:24:56',0),(88,2,63,'装修',9,0,'2019-09-12 00:25:05',0,'2019-09-12 00:25:05',0),(89,2,63,'建材',8,0,'2019-09-12 00:25:12',0,'2019-09-12 00:25:12',0),(90,3,87,'其它',10,0,'2019-09-12 00:25:45',0,'2019-09-12 00:25:45',0),(91,2,64,'珠宝',10,0,'2019-09-12 00:26:10',0,'2019-09-12 00:26:10',0),(92,2,64,'精致饰品',9,0,'2019-09-12 00:26:18',0,'2019-09-12 00:26:18',0),(93,2,64,'眼镜',8,0,'2019-09-12 00:26:25',0,'2019-09-12 00:26:25',0),(94,3,91,'项链',10,0,'2019-09-12 00:26:40',0,'2019-09-12 00:26:40',0),(96,2,66,'箱包配件',9,0,'2019-09-12 00:27:17',0,'2019-09-12 00:27:17',0),(98,3,96,'书包',10,0,'2019-09-12 00:27:48',0,'2019-09-12 00:27:48',0),(99,3,83,'气垫',0,0,'2019-09-17 18:24:23',0,'2019-09-17 18:24:23',0),(100,3,83,'防晒霜',0,0,'2019-09-17 18:24:36',0,'2019-09-17 18:24:36',0),(101,3,83,'隔离霜',0,0,'2019-09-17 18:27:04',0,'2019-09-17 18:27:04',0),(102,3,83,'粉底',0,0,'2019-09-17 18:27:19',0,'2019-09-17 18:27:19',0),(103,3,83,'指甲油',0,0,'2019-09-17 18:27:24',0,'2019-09-17 18:27:24',0),(104,3,83,'睫毛膏',0,0,'2019-09-17 18:27:47',0,'2019-09-17 18:27:47',0),(105,3,83,'香水',0,0,'2019-09-17 18:28:16',0,'2019-09-17 18:28:16',0),(106,3,83,'面膜',0,0,'2019-09-17 18:28:21',0,'2019-09-17 18:28:21',0),(107,3,67,'大二课本',7,0,'2020-05-04 18:26:43',0,'2020-05-04 18:26:23',0),(108,3,67,'大三课本',6,0,'2020-05-04 18:27:15',0,'2020-05-04 18:27:18',0),(109,3,67,'大四课本',5,0,'2020-05-04 18:27:29',0,'2020-05-04 18:27:33',0),(110,3,68,'政治',10,0,'2020-05-04 18:29:39',0,'2020-05-04 18:29:43',0),(111,3,68,'数学（一）',9,0,'2020-05-04 18:31:46',0,'2020-05-04 18:31:57',0),(112,3,68,'数学（二）',8,0,'2020-05-04 18:32:44',0,'2020-05-04 18:32:44',0),(113,3,68,'英语（一）',7,0,'2020-05-04 18:33:39',0,'2020-05-04 18:33:39',0),(114,3,68,'英语（一）',6,0,'2020-05-04 18:33:46',0,'2020-05-04 18:33:46',0),(115,3,68,'各类专业课',5,0,'2020-05-04 18:34:15',0,'2020-05-04 18:34:15',0),(116,3,68,'各类视频',4,0,'2020-05-04 18:35:28',0,'2020-05-04 18:35:28',0),(117,3,70,'收纳物品',20,0,'2020-05-04 18:51:52',0,'2020-05-04 18:51:52',0),(118,3,70,'床边挂衣钩',19,0,'2020-05-04 18:52:18',0,'2020-05-04 18:52:18',0),(119,3,70,'小台灯',18,0,'2020-05-04 18:54:33',0,'2020-05-04 18:54:33',0),(120,3,70,'手机支架 ',17,0,'2020-05-04 18:55:31',0,'2020-05-04 18:55:31',0),(121,3,70,'晾衣架',16,0,'2020-05-04 18:57:14',0,'2020-05-04 18:57:14',0),(122,3,70,'宿舍蚊帐',15,0,'2020-05-04 18:58:32',0,'2020-05-04 18:58:32',0),(123,3,70,'宿舍穿衣镜',14,0,'2020-05-04 19:00:11',0,'2020-05-04 19:00:11',0),(124,3,70,'宿舍窗帘',13,0,'2020-05-04 19:00:48',0,'2020-05-04 19:00:48',0),(125,3,70,'置物架',12,0,'2020-05-04 19:02:49',0,'2020-05-04 19:02:49',0),(126,3,70,'便携式针线盒',11,0,'2020-05-04 19:03:19',0,'2020-05-04 19:03:19',0),(127,3,73,'足球',20,0,'2020-05-04 19:08:49',0,'2020-05-04 19:08:49',0),(128,3,73,'网球',19,0,'2020-05-04 19:09:14',0,'2020-05-04 19:09:14',0),(129,3,73,'乒乓球',18,0,'2020-05-04 19:09:30',0,'2020-05-04 19:09:30',0),(130,3,73,'羽毛球',17,0,'2020-05-04 19:10:58',0,'2020-05-04 19:10:58',0),(133,3,70,'其它',0,0,'2020-05-04 19:11:42',0,'2020-05-04 19:11:42',0),(134,3,67,'其它',0,0,'2020-05-04 19:12:21',0,'2020-05-04 19:12:21',0),(135,3,68,'其它',0,0,'2020-05-04 19:12:34',0,'2020-05-04 19:12:34',0),(136,3,73,'山地车',16,0,'2020-05-04 19:13:53',0,'2020-05-04 19:13:53',0),(137,3,73,'自行车',15,0,'2020-05-04 19:14:24',0,'2020-05-04 19:14:24',0),(138,3,73,'跳绳',14,0,'2020-05-04 19:14:49',0,'2020-05-04 19:14:49',0),(139,3,73,'其它',0,0,'2020-05-04 19:16:14',0,'2020-05-04 19:16:14',0),(140,3,79,'剪发卡',15,0,'2020-05-04 19:31:16',0,'2020-05-04 19:31:16',0),(141,3,79,'电影票',14,0,'2020-05-04 19:31:41',0,'2020-05-04 19:31:41',0),(142,3,79,'KTV会员卡',13,0,'2020-05-04 19:32:57',0,'2020-05-04 19:32:57',0),(143,3,79,'代金券',12,0,'2020-05-04 19:36:04',0,'2020-05-04 19:36:04',0),(144,3,79,'其它',0,0,'2020-05-04 19:36:23',0,'2020-05-04 19:36:23',0),(145,3,83,'其它',-1,0,'2020-05-04 19:45:17',0,'2020-05-04 19:45:17',0),(146,3,85,'洗面奶',15,0,'2020-05-04 19:46:03',0,'2020-05-04 19:46:03',0),(147,3,85,'卸妆水',14,0,'2020-05-04 19:46:19',0,'2020-05-04 19:46:19',0),(148,3,85,'护发素',13,0,'2020-05-04 19:46:37',0,'2020-05-04 19:46:37',0),(149,3,85,'洗发液',12,0,'2020-05-04 19:46:51',0,'2020-05-04 19:46:51',0),(150,3,85,'洗衣液',11,0,'2020-05-04 19:46:54',0,'2020-05-04 19:46:54',0),(151,3,85,'沐浴露',10,0,'2020-05-04 19:47:44',0,'2020-05-04 19:47:44',0),(152,3,85,'其它',0,0,'2020-05-04 19:47:56',0,'2020-05-04 19:47:56',0),(153,3,96,'电脑包',9,0,'2020-05-04 20:06:10',0,'2020-05-04 20:06:10',0),(154,3,96,'小背包',8,0,'2020-05-04 20:07:11',0,'2020-05-04 20:07:11',0),(155,3,96,'卡套',7,0,'2020-05-04 20:07:23',0,'2020-05-04 20:07:23',0),(156,3,96,'宿舍小锁',6,0,'2020-05-04 20:08:03',0,'2020-05-04 20:08:03',0),(157,3,96,'其它',0,0,'2020-05-04 20:08:21',0,'2020-05-04 20:08:21',0),(158,3,91,'手饰',8,0,'2020-05-04 20:11:03',0,'2020-05-04 20:11:03',0),(159,3,91,'耳饰',7,0,'2020-05-04 20:11:18',0,'2020-05-04 20:11:18',0),(160,3,91,'发带',6,0,'2020-05-04 20:14:54',0,'2020-05-04 20:14:54',0),(161,3,91,'其它',0,0,'2020-05-04 20:15:09',0,'2020-05-04 20:15:09',0),(162,3,18,'其它',-1,0,'2020-05-04 20:16:59',0,'2020-05-04 20:16:59',0),(163,3,19,'其它',-1,0,'2020-05-04 20:17:11',0,'2020-05-04 20:17:11',0);

/*Table structure for table `tb_yougoods_mall_goods_info` */

DROP TABLE IF EXISTS `tb_yougoods_mall_goods_info`;

CREATE TABLE `tb_yougoods_mall_goods_info` (
  `goods_id` bigint(20) unsigned NOT NULL AUTO_INCREMENT COMMENT '商品表主键id',
  `goods_name` varchar(200) CHARACTER SET utf8 COLLATE utf8_general_ci NOT NULL DEFAULT '' COMMENT '商品名',
  `goods_intro` varchar(200) CHARACTER SET utf8 COLLATE utf8_general_ci NOT NULL DEFAULT '' COMMENT '商品简介',
  `goods_category_id` bigint(20) NOT NULL DEFAULT '0' COMMENT '关联分类id',
  `goods_cover_img` varchar(200) CHARACTER SET utf8 COLLATE utf8_general_ci NOT NULL DEFAULT '/admin/dist/img/no-img.png' COMMENT '商品主图',
  `goods_carousel` varchar(500) CHARACTER SET utf8 COLLATE utf8_general_ci NOT NULL DEFAULT '/admin/dist/img/no-img.png' COMMENT '商品轮播图',
  `goods_detail_content` text CHARACTER SET utf8 COLLATE utf8_general_ci NOT NULL COMMENT '商品详情',
  `original_price` int(11) NOT NULL DEFAULT '1' COMMENT '商品价格',
  `selling_price` int(11) NOT NULL DEFAULT '1' COMMENT '商品实际售价',
  `stock_num` int(11) NOT NULL DEFAULT '0' COMMENT '商品库存数量',
  `tag` varchar(200) CHARACTER SET utf8 COLLATE utf8_general_ci NOT NULL DEFAULT '' COMMENT '商品标签',
  `goods_sell_status` tinyint(4) NOT NULL DEFAULT '0' COMMENT '商品上架状态 0-下架 1-上架',
  `create_user` int(11) NOT NULL DEFAULT '0' COMMENT '添加者主键id',
  `create_time` datetime NOT NULL DEFAULT CURRENT_TIMESTAMP COMMENT '商品添加时间',
  `update_user` int(11) NOT NULL DEFAULT '0' COMMENT '修改者主键id',
  `update_time` datetime NOT NULL DEFAULT CURRENT_TIMESTAMP COMMENT '商品修改时间',
  PRIMARY KEY (`goods_id`) USING BTREE
) ENGINE=InnoDB AUTO_INCREMENT=10913 DEFAULT CHARSET=utf8 ROW_FORMAT=DYNAMIC;

/*Data for the table `tb_yougoods_mall_goods_info` */

insert  into `tb_yougoods_mall_goods_info`(`goods_id`,`goods_name`,`goods_intro`,`goods_category_id`,`goods_cover_img`,`goods_carousel`,`goods_detail_content`,`original_price`,`selling_price`,`stock_num`,`tag`,`goods_sell_status`,`create_user`,`create_time`,`update_user`,`update_time`) values (10003,'无印良品 MUJI 基础润肤化妆水','滋润型 400ml',0,'/goods-img/87446ec4-e534-4b49-9f7d-9bea34665284.jpg','/goods-img/87446ec4-e534-4b49-9f7d-9bea34665284.jpg','商品介绍加载中...',100,100,1000,'',1,0,'2019-09-18 13:18:47',0,'2020-05-05 17:24:05'),(10007,'无印良品 MUJI 基础润肤化妆水','高保湿型 400ml 已使用100ml',147,'http://localhost:28089/goods-img/558422d1-640e-442d-a073-2b2bdd95c4ed.jpg','http://localhost:28089/goods-img/558422d1-640e-442d-a073-2b2bdd95c4ed.jpg','商品介绍加载中...',20,16,1000,'无印良品 MUJI 基础润肤化妆水',0,0,'2019-09-18 13:18:47',0,'2020-05-05 17:23:47'),(10010,'无印良品 MUJI 基础润肤洁面泡沫','200ml 未使用过',146,'http://localhost:28089/goods-img/f87bdee1-ed48-4b49-b701-cc44f26a2699.jpg','http://localhost:28089/goods-img/f87bdee1-ed48-4b49-b701-cc44f26a2699.jpg','商品介绍加载中...',20,20,1000,'无印良品 MUJI 基础润肤洁面泡沫',0,0,'2019-09-18 13:18:47',0,'2020-05-05 17:23:03'),(10019,'无印良品（MUJI） 聚丙烯化妆盒','半透明约150x220x86mm  使用的大学2年，平时比较爱心，无磕碰无磨损',117,'http://localhost:28089/goods-img/f6832ed7-cb01-48ab-987f-cd437b21be80.jpg','http://localhost:28089/goods-img/f6832ed7-cb01-48ab-987f-cd437b21be80.jpg','商品介绍加载中...',5,5,1000,'无印良品（MUJI） 聚丙烯化妆盒',0,0,'2019-09-18 13:18:47',0,'2020-05-05 17:22:26'),(10023,'无印良品 大容量基础乳液','400ml 使用了一半，有了新的乳液，现出售此瓶',145,'http://localhost:28089/goods-img/ea92b50a-67ba-4279-a71a-4e52e6a3219c.jpg','http://localhost:28089/goods-img/ea92b50a-67ba-4279-a71a-4e52e6a3219c.jpg','商品介绍加载中...',30,30,1000,'无印良品 MUJI 大容量基础乳液',0,0,'2019-09-18 13:18:47',0,'2020-05-05 17:47:55'),(10054,'无印良品 MUJI 遮瑕膏','棒状 自然色',0,'/goods-img/ffa69c8e-f57f-4ef4-a2a0-3695d538d6c5.jpg','/goods-img/ffa69c8e-f57f-4ef4-a2a0-3695d538d6c5.jpg','商品介绍加载中...',42,42,1000,'',1,0,'2019-09-18 13:19:02',0,'2020-05-05 17:19:39'),(10076,'无印良品 MUJI 遮瑕膏','棒状 自然色 全新未使用，买了不喜欢了',145,'http://localhost:28089/goods-img/593b65a7-feae-45aa-837e-47d58bb27474.jpg','http://localhost:28089/goods-img/593b65a7-feae-45aa-837e-47d58bb27474.jpg','商品介绍加载中...',42,42,1000,'无印良品 MUJI 遮瑕膏',0,0,'2019-09-18 13:19:07',0,'2020-05-05 17:19:20'),(10098,'无印良品 MUJI 乳液','50ml  使用大约5毫升，现将毕业不想带走',145,'http://localhost:28089/goods-img/4eed1033-7728-477c-a29d-589bfd3ae3ce.jpg','http://localhost:28089/goods-img/4eed1033-7728-477c-a29d-589bfd3ae3ce.jpg','商品介绍加载中...',20,20,1000,'无印良品 MUJI 乳液',0,0,'2019-09-18 13:19:17',0,'2020-05-05 17:18:25'),(10161,'荣耀原装三键线控带麦半入耳式耳机AM116  9成新','(尊爵版)适用于华为荣耀手机  轻微使用痕迹，无磨损无磕碰',41,'http://localhost:28089/goods-img/183481c3-47ff-4b2e-926f-b02b926ac02c.jpg','http://localhost:28089/goods-img/183481c3-47ff-4b2e-926f-b02b926ac02c.jpg','商品介绍加载中...',29,29,1000,'半入耳式耳机AM116',0,0,'2019-09-18 13:21:28',0,'2020-05-05 17:17:08'),(10163,'华为耳机原装半入耳式有线mate9p10plus8x荣耀v20v10nova2s9iv9p9play 【标准版】华为AM115 白色-热卖款','新蜂精选',0,'/goods-img/79e2b467-a075-46ef-ab43-aa0535f8e4c9.jpg','/goods-img/79e2b467-a075-46ef-ab43-aa0535f8e4c9.jpg','商品介绍加载中...',69,39,1000,'',1,0,'2019-09-18 13:21:28',0,'2020-05-05 17:15:52'),(10164,'Beats X 蓝牙无线 99新','入耳式耳机 带麦可通话 -桀骜黑红（十周年版） MRQA2PA/A 实习期间，年会公司抽奖所得，毕业不想带走，现出售',41,'http://localhost:28089/goods-img/911531a4-39a6-4771-b26e-2ba4db1ebcda.jpg','http://localhost:28089/goods-img/911531a4-39a6-4771-b26e-2ba4db1ebcda.jpg','商品介绍加载中...',499,499,997,'Beats X 蓝牙无线',0,0,'2019-09-18 13:21:28',0,'2020-05-05 17:15:37'),(10201,'迪奥（Dior）烈艳蓝金唇膏滋润999# 3.5g  全新','(口红 保湿滋润 气质显白 不挑皮) 经典正红色 网上抽奖所得',86,'http://localhost:28089/goods-img/6b0bd268-40b1-4abf-a19b-95df7cb4d722.jpg','http://localhost:28089/goods-img/6b0bd268-40b1-4abf-a19b-95df7cb4d722.jpg','商品介绍加载中...',299,299,1,'迪奥（Dior）烈艳蓝金唇膏',0,0,'2019-09-18 13:24:47',0,'2020-05-05 17:14:00'),(10203,'海囤全球 魅可（MAC) 全新','(经典唇膏 子弹头口红3g)Chili 秀智色/小辣椒色 买了不喜欢了，已过了退货时间',86,'http://localhost:28089/goods-img/18aca3b8-d024-47d3-a971-fb51d374b1ae.jpg','http://localhost:28089/goods-img/18aca3b8-d024-47d3-a971-fb51d374b1ae.jpg','详情加载中...',170,155,1,'海囤全球 魅可（MAC)',0,0,'2019-09-18 13:24:47',0,'2020-05-05 17:12:38'),(10204,'卡姿兰（Carslan）轻甜唇爱随心盒 全新','(1.4g*4(13#暧昧 16#炽烈 18#嫉妒)19#欲望 舍友送的生日礼物，因为自己有一只，所以准备出售',86,'http://localhost:28089/goods-img/44c8198e-f63a-45e0-8eff-789338de65f8.jpg','http://localhost:28089/goods-img/44c8198e-f63a-45e0-8eff-789338de65f8.jpg','关联销售入口 1 (1) 商品介绍加载中...',99,89,1,'卡姿兰（Carslan）',0,0,'2019-09-18 13:24:47',0,'2020-05-05 17:11:34'),(10208,'圣罗兰（YSL）全新','纯口红1#（正红色）3.8g 微博中将所得，未使用过',86,'http://localhost:28089/goods-img/57d0bf26-0a0c-4027-8a2b-deeaa29905ee.jpg','http://localhost:28089/goods-img/57d0bf26-0a0c-4027-8a2b-deeaa29905ee.jpg','详情加载中...',299,299,1,'圣罗兰（YSL）全新',0,0,'2019-09-18 13:24:47',0,'2020-05-05 17:10:04'),(10249,'Apple Macbook Air 13.3 8成新','Core i5 8G 128G SSD 笔记本电脑 轻薄本 银色 MQD32CH/A',34,'http://localhost:28089/goods-img/2d827a7e-fb30-493d-840a-cb21766814fd.jpg','http://localhost:28089/goods-img/2d827a7e-fb30-493d-840a-cb21766814fd.jpg','商品介紹頁面素材由Apple提供',3999,3999,1000,'Apple Macbook Air 13.3',0,0,'2019-09-18 13:25:52',0,'2020-05-05 17:08:46'),(10294,'Apple iPhone 7 (A1660)','128G 黑色 移动联通电信4G手机',47,'/goods-img/101abd40-e9a2-4ab0-9f4e-16569c9dbf82.jpg','/goods-img/101abd40-e9a2-4ab0-9f4e-16569c9dbf82.jpg','商品介绍加载中...',3199,2949,1000,'',1,0,'2019-09-18 13:27:13',0,'2020-05-05 17:09:03'),(10324,'Apple 苹果 iPhone 6s','Plus 4G手机 金色 全网通 128G',47,'/goods-img/22febff2-db52-4f7a-8d16-414e755e788b.jpg','/goods-img/22febff2-db52-4f7a-8d16-414e755e788b.jpg','商品介绍加载中...',3599,2918,1000,'',1,0,'2019-09-18 13:27:13',0,'2020-05-05 17:09:03'),(10689,'荣耀Play3 6.39英寸魅眼全视屏 88新','(4000mAh大电池 真4800万AI三摄)麒麟710F自研芯片 全网通4GB+64GB 幻夜黑',45,'http://localhost:28089/goods-img/9aa34959-cd60-418f-b42e-aa7243b6869c.jpg','http://localhost:28089/goods-img/9aa34959-cd60-418f-b42e-aa7243b6869c.jpg','详情加载中...',599,599,1000,'荣耀Play3 6.39英寸',0,0,'2019-09-18 13:37:44',0,'2020-05-05 17:07:29'),(10690,'华为 HUAWEI 畅享10 Plus 6成新','超高清全视屏前置悬浮式镜头4800万超广角AI三摄 4GB+128GB幻夜黑全网通双4G手机',46,'http://localhost:28089/goods-img/2613a582-460c-4c2b-bbc0-6c7dbf501bd2.jpg','http://localhost:28089/goods-img/2613a582-460c-4c2b-bbc0-6c7dbf501bd2.jpg','详情加载中...',299,299,1000,'华为 HUAWEI 畅享10 Plus',0,0,'2019-09-18 13:37:44',0,'2020-05-05 17:06:48'),(10693,'荣耀10青春版 8成新','( 幻彩渐变 2400万AI自拍 全网通版4GB+64GB)渐变蓝 移动联通电信4G全面屏手机 双卡双待',45,'http://localhost:28089/goods-img/f8ab28c3-8e04-49a0-ba05-2e6a3ae7211f.jpg','http://localhost:28089/goods-img/f8ab28c3-8e04-49a0-ba05-2e6a3ae7211f.jpg','详情加载中...',655,655,1000,'荣耀10青春版',0,0,'2019-09-18 13:37:44',0,'2020-05-05 17:05:30'),(10697,'荣耀8X 千元屏霸 99新','（91%屏占比 2000万AI双摄）4GB+64GB 幻夜黑 移动联通电信4G全面屏手机 双卡双待',45,'http://localhost:28089/goods-img/d7f74e8f-5c52-422b-ac99-a8d691830494.jpg','http://localhost:28089/goods-img/d7f74e8f-5c52-422b-ac99-a8d691830494.jpg','详情加载中...',999,999,1000,'荣耀8X 千元屏霸',0,0,'2019-09-18 13:37:44',0,'2020-05-05 17:04:34'),(10715,'荣耀20 李现同款 7成新','（4800万超广角AI四摄 3200W美颜自拍）麒麟Kirin980全网通版8GB+128GB 冰岛白 全面屏手机',45,'http://localhost:28089/goods-img/77d87d20-4fc7-441c-82a8-baf9089fc3ad.jpg','http://localhost:28089/goods-img/77d87d20-4fc7-441c-82a8-baf9089fc3ad.jpg','详情加载中...',699,699,1000,'荣耀20 李现同款',0,0,'2019-09-18 13:37:44',0,'2020-05-05 17:03:50'),(10747,'华为 HUAWEI nova 5 8成新','Pro 前置3200万人像超级夜景4800万AI四摄麒麟980芯片8GB+128GB亮黑色全网通双4G手机',46,'http://localhost:28089/goods-img/df1bea42-9172-4cd5-9fc5-f35bb736108f.jpg','http://localhost:28089/goods-img/df1bea42-9172-4cd5-9fc5-f35bb736108f.jpg','详情加载中...',799,799,1000,'华为 HUAWEI',0,0,'2019-09-18 13:37:44',0,'2020-05-05 17:02:51'),(10770,'华为 HUAWEI 畅享9 Plus','4GB+64GB 宝石蓝 全网通 四摄超清全面屏大电池 移动联通电信4G手机 双卡双待',46,'http://localhost:28089/goods-img/ca2bb115-c75e-475b-93ab-c2436f31aa16.jpg','http://localhost:28089/goods-img/ca2bb115-c75e-475b-93ab-c2436f31aa16.jpg','详情加载中...',456,456,1000,'华为 HUAWEI',0,0,'2019-09-18 13:37:44',0,'2020-05-05 17:02:11'),(10784,'荣耀8X Max 骁龙660 7.12英寸90%屏占比珍珠屏 8成新','6GB+64GB 魅海蓝 移动联通电信4G全面屏手机 双卡双待',45,'http://localhost:28089/goods-img/c0763005-4e67-4861-98f2-e6a550ec4d87.jpg','http://localhost:28089/goods-img/c0763005-4e67-4861-98f2-e6a550ec4d87.jpg','详情加载中...',398,398,1000,'荣耀8X Max 骁龙660',0,0,'2019-09-18 13:37:44',0,'2020-05-05 17:01:38'),(10796,'Redmi K20Pro 骁龙855 索尼4800万超广角三摄 8成新','AMOLED弹出式全面屏 8GB+256GB 碳纤黑 游戏智能手机 小米 红米',52,'http://localhost:28089/goods-img/2a05cc6a-3eea-42f9-ab97-2e2529a72099.jpg','http://localhost:28089/goods-img/2a05cc6a-3eea-42f9-ab97-2e2529a72099.jpg','商品介绍加载中...',599,599,1000,'Redmi K20Pro 骁龙85',0,0,'2019-09-18 13:38:32',0,'2020-05-05 16:59:57'),(10797,'小米9 Pro 5G 全面屏游戏拍照新品手机','新蜂精选',51,'/goods-img/d5fc8bec-0add-48d3-b73b-349a0375e8dc.jpg','/goods-img/d5fc8bec-0add-48d3-b73b-349a0375e8dc.jpg','详情加载中...',9999,9999,1000,'',1,0,'2019-09-18 13:38:32',0,'2020-05-05 16:49:32'),(10834,'小米9SE 骁龙712 索尼4800万超广角三摄 5.97英寸舒适握感','全息幻彩蓝 8GB+128GB 游戏智能拍照手机',51,'/goods-img/b28f3eac-0091-442f-90f3-68914bf947c7.jpg','/goods-img/b28f3eac-0091-442f-90f3-68914bf947c7.jpg','详情加载中...',2099,1899,1000,'',1,0,'2019-09-18 13:38:32',0,'2020-05-05 16:38:53'),(10841,'红米6A 1300万高清相机  7成新','(3GB+32GB 流沙金 游戏智能手机 AI人脸解锁 12nm高性能处理器 ) 无磨损无磕碰',52,'http://localhost:28089/goods-img/6c77e8f9-11d8-42c3-925e-4396d0d3709f.jpg','http://localhost:28089/goods-img/6c77e8f9-11d8-42c3-925e-4396d0d3709f.jpg','详情加载中...',299,299,1,'红米6A 1300万高清相机  7成新',0,0,'2019-09-18 13:38:32',0,'2020-05-05 16:54:23'),(10882,'小米8 游戏手机 全面屏 蓝色','全网通(6G+64G)',51,'/admin/dist/img/no-img.png','/admin/dist/img/no-img.png','商品介绍加载中...',1799,1598,1000,'',1,0,'2019-09-18 13:38:32',0,'2020-05-05 16:36:09'),(10891,'小米 红米7 手机 Redmi7','AI双摄 拍照游戏手机 全网通双卡双待 魅夜红 4G+64G 全网通',51,'/goods-img/7b4e03b1-eca7-42f5-8dda-14d02d3ab318.jpg','/goods-img/7b4e03b1-eca7-42f5-8dda-14d02d3ab318.jpg','详情加载中...',1009,818,1000,'',1,0,'2019-09-18 13:38:32',0,'2020-05-05 16:36:09'),(10898,'ipad 平板 2017款 8成新','（32G WIF版本 +壳膜 原装充电器 ）轻微使用痕迹，有小磨损和小磕碰',34,'http://localhost:28089/upload/20200505_11584435.jpg','http://localhost:28089/upload/20200505_11584435.jpg','<p>\n	正在获取更多商品信息...\n</p>\n<p>\n	<br />\n</p>',800,800,1,'ipad 平板 2017款 8成新',0,0,'2020-05-05 11:58:46',0,'2020-05-05 11:58:46'),(10899,'华为平板 揽阅M2 9成新','（青春版 10.1英寸 通话平板电脑 二手平板 白色 3+16G WIFI版 ）轻微使用痕迹，无磕碰无磨损',34,'http://localhost:28089/upload/20200505_12134345.jpg','http://localhost:28089/upload/20200505_12134345.jpg','正在获取更多商品信息...',723,723,1,'华为平板 揽阅M2 9成新',0,0,'2020-05-05 12:13:44',0,'2020-05-05 12:13:44'),(10900,'HNM 英语四六级听力收音机 99新','(调频FM大学4级六级学生四级考试用 白色T6+电池+耳机 )参加考试使用过两次，几乎全新',36,'http://localhost:28089/upload/20200505_12231435.jpg','http://localhost:28089/upload/20200505_12231435.jpg','正在获取更多商品信息...',15,52,1,'HNM 英语四六级听力收音机 99新',0,0,'2020-05-05 12:23:15',0,'2020-05-05 12:23:15'),(10901,'凯迪959收音机 9成新','(四六级英语考试专用产品) 轻微使用痕迹，无磕碰无磨损',36,'http://localhost:28089/upload/20200505_12301519.jpg','http://localhost:28089/upload/20200505_12301519.jpg','正在获取更多商品信息... <br />',10,45,0,'凯迪959收音机 9成新',0,0,'2020-05-05 12:30:16',0,'2020-05-05 12:30:16'),(10902,'佳能M3微单相机 98新','相机使用很少，成色很新，原装配件都在，使用也很爱惜，2420万像素，出片很稳，画质也很细腻，自带wifi和翻转自拍触摸屏，无线传图和手机遥控拍摄很方便，另新买了一张闪迪至尊高速内存卡',37,'http://localhost:28089/upload/20200505_12542580.jpg','http://localhost:28089/upload/20200505_12542580.jpg','正在获取更多商品信息... <br />',1500,1500,1,'佳能M3微单相机 98新',0,0,'2020-05-05 12:54:26',0,'2020-05-05 15:24:39'),(10903,'佳能 CANON PowerShat S2 8成新','用的不多，一直存放在电子防潮箱中。含机身，UV镜,，转接筒，带绳镜盖，sd卡，包装，说明书，保修卡，CD盘等全部都在',37,'http://localhost:28089/upload/20200505_1314388.jpg','http://localhost:28089/upload/20200505_1314388.jpg','正在获取更多商品信息... <br />',800,800,1,'佳能 CANON',0,0,'2020-05-05 13:14:39',0,'2020-05-05 15:24:21'),(10904,'尼康d3000 7成新','成色如图，很新，就没怎么用，箱说保修卡配件什么的都在，平时都是放在防潮箱，冲动消费买的，最后一代ccd，色彩很好看',39,'http://localhost:28089/upload/20200505_15140135.jpg','http://localhost:28089/upload/20200505_15140135.jpg','正在获取更多商品信息...',988,988,1,'尼康d3000 7成新',0,0,'2020-05-05 15:14:02',0,'2020-05-05 15:24:00'),(10905,'达尔优牧马人二代升级版鼠标','成色还可以,两边防滑垫有轻微磨损',40,'http://localhost:28089/upload/20200505_15215463.jpg','http://localhost:28089/upload/20200505_15215463.jpg','正在获取更多商品信息...',25,25,1,'升级版鼠标',0,0,'2020-05-05 15:21:55',0,'2020-05-05 15:21:55'),(10906,'机械手感键盘 6成新','(USB接口即插即用，电脑，笔记本通用)背光键盘鼠标套装 悬浮机械手感办',40,'http://localhost:28089/upload/20200505_15233899.jpg','http://localhost:28089/upload/20200505_15233899.jpg','正在获取更多商品信息...',30,30,1,'机械手感键盘 6成新',0,0,'2020-05-05 15:23:38',0,'2020-05-05 15:23:38'),(10907,'vivo原装耳机 全新','已有耳机未使用过此耳机',41,'http://localhost:28089/upload/20200505_15294962.jpg','http://localhost:28089/upload/20200505_15294962.jpg','正在获取更多商品信息...',10,10,1,'vivo原装耳机 全新',0,0,'2020-05-05 15:29:50',0,'2020-05-05 15:29:50'),(10908,'头戴式降噪耳机 8成新','赠送一个转接头 考研期间使用过，平时很爱惜，无磨损磕碰',41,'http://localhost:28089/upload/20200505_15324830.jpg','http://localhost:28089/upload/20200505_15324830.jpg','正在获取更多商品信息...',20,20,0,'头戴式降噪耳机 8成新',0,0,'2020-05-05 15:32:49',0,'2020-05-05 15:32:49'),(10909,'10寸小笔记本 8成新','(惠普mini笔记本电脑)上网本，成色比较新，用的很少，07系统，适合简单使用运行流畅',42,'http://localhost:28089/upload/20200505_15390314.jpg','http://localhost:28089/upload/20200505_15390314.jpg','正在获取更多商品信息...',499,499,1,'10寸小笔记本 8成新',0,0,'2020-05-05 15:39:04',0,'2020-05-05 15:39:04'),(10910,'东芝l40d-a 9成新','（AMD a4-5000处理器，4gRAM,750G硬盘 ）轻微使用痕迹，无磕碰，无磨损',42,'http://localhost:28089/upload/20200505_1541192.jpg','http://localhost:28089/upload/20200505_1541192.jpg','正在获取更多商品信息...',999,999,1,'东芝l40d-a 9成新',0,0,'2020-05-05 15:41:21',0,'2020-05-05 15:41:21'),(10911,'考研课本','笔记清晰',110,'http://localhost:28089/upload/20200603_21334911.jpg','http://localhost:28089/upload/20200603_21334911.jpg','考研课本',10,10,1,'课本',1,0,'2020-06-03 21:34:47',0,'2020-06-03 21:35:03'),(10912,'收音机','使用过2次，95新',36,'http://localhost:28089/upload/20200603_21443463.jpg','http://localhost:28089/upload/20200603_21443463.jpg','收音机',10,15,1,'收音机',1,0,'2020-06-03 21:44:35',0,'2020-06-03 21:45:09');

/*Table structure for table `tb_yougoods_mall_index_config` */

DROP TABLE IF EXISTS `tb_yougoods_mall_index_config`;

CREATE TABLE `tb_yougoods_mall_index_config` (
  `config_id` bigint(20) NOT NULL AUTO_INCREMENT COMMENT '首页配置项主键id',
  `config_name` varchar(50) CHARACTER SET utf8 COLLATE utf8_general_ci NOT NULL DEFAULT '' COMMENT '显示字符(配置搜索时不可为空，其他可为空)',
  `config_type` tinyint(4) NOT NULL DEFAULT '0' COMMENT '1-搜索框热搜 2-搜索下拉框热搜 3-(首页)热销商品 4-(首页)新品上线 5-(首页)为你推荐',
  `goods_id` bigint(20) NOT NULL DEFAULT '0' COMMENT '商品id 默认为0',
  `redirect_url` varchar(100) CHARACTER SET utf8 COLLATE utf8_general_ci NOT NULL DEFAULT '##' COMMENT '点击后的跳转地址(默认不跳转)',
  `config_rank` int(11) NOT NULL DEFAULT '0' COMMENT '排序值(字段越大越靠前)',
  `is_deleted` tinyint(4) NOT NULL DEFAULT '0' COMMENT '删除标识字段(0-未删除 1-已删除)',
  `create_time` datetime NOT NULL DEFAULT CURRENT_TIMESTAMP COMMENT '创建时间',
  `create_user` int(11) NOT NULL DEFAULT '0' COMMENT '创建者id',
  `update_time` datetime NOT NULL DEFAULT CURRENT_TIMESTAMP COMMENT '最新修改时间',
  `update_user` int(11) DEFAULT '0' COMMENT '修改者id',
  PRIMARY KEY (`config_id`) USING BTREE
) ENGINE=InnoDB AUTO_INCREMENT=43 DEFAULT CHARSET=utf8 ROW_FORMAT=DYNAMIC;

/*Data for the table `tb_yougoods_mall_index_config` */

insert  into `tb_yougoods_mall_index_config`(`config_id`,`config_name`,`config_type`,`goods_id`,`redirect_url`,`config_rank`,`is_deleted`,`create_time`,`create_user`,`update_time`,`update_user`) values (1,'热销商品 iPhone XR',3,10284,'##',10,1,'2019-09-18 17:04:56',0,'2020-05-05 15:57:45',0),(2,'热销商品 华为 Mate20',3,10779,'##',100,1,'2019-09-18 17:05:27',0,'2020-05-05 15:57:45',0),(3,'热销商品 荣耀8X',3,10700,'##',300,1,'2019-09-18 17:08:02',0,'2020-05-05 15:57:45',0),(4,'热销商品 Apple AirPods',3,10159,'##',101,1,'2019-09-18 17:08:56',0,'2020-05-05 15:57:45',0),(5,'新品上线 Macbook Pro',4,10269,'##',100,0,'2019-09-18 17:10:36',0,'2019-09-18 17:10:36',0),(6,'新品上线 荣耀 9X Pro',4,10755,'##',100,0,'2019-09-18 17:11:05',0,'2019-09-18 17:11:05',0),(7,'新品上线 iPhone 11',4,10283,'##',102,0,'2019-09-18 17:11:44',0,'2019-09-18 17:11:44',0),(8,'新品上线 iPhone 11 Pro',4,10320,'##',101,0,'2019-09-18 17:11:58',0,'2019-09-18 17:11:58',0),(9,'新品上线 华为无线耳机',4,10186,'##',300,0,'2019-09-18 17:12:29',0,'2019-09-18 17:12:29',0),(10,'纪梵希高定香榭天鹅绒唇膏',5,10233,'##',98,0,'2019-09-18 17:47:23',0,'2019-09-18 17:47:23',0),(11,'MAC 磨砂系列',5,10237,'##',100,0,'2019-09-18 17:47:44',0,'2019-09-18 17:47:44',0),(12,'索尼 WH-1000XM3',5,10195,'##',102,0,'2019-09-18 17:48:00',0,'2019-09-18 17:48:00',0),(13,'Apple AirPods',5,10180,'##',101,0,'2019-09-18 17:49:11',0,'2019-09-18 17:49:11',0),(14,'小米 Redmi AirDots',5,10160,'##',100,0,'2019-09-18 17:49:28',0,'2019-09-18 17:49:28',0),(15,'2019 MacBookAir 13',5,10254,'##',100,0,'2019-09-18 17:50:18',0,'2019-09-18 17:50:18',0),(16,'女式粗棉线条纹长袖T恤',5,10158,'##',99,0,'2019-09-18 17:52:03',0,'2019-09-18 17:52:03',0),(17,'塑料浴室座椅',5,10154,'##',100,0,'2019-09-18 17:52:19',0,'2019-09-18 17:52:19',0),(18,'靠垫',5,10147,'##',101,0,'2019-09-18 17:52:50',0,'2019-09-18 17:52:50',0),(19,'小型超声波香薰机',5,10113,'##',100,0,'2019-09-18 17:54:07',0,'2019-09-18 17:54:07',0),(20,'11',5,1,'##',0,1,'2019-09-19 08:31:11',0,'2019-09-19 08:31:20',0),(21,'热销商品 华为 P30',3,10742,'##',200,1,'2019-09-19 23:23:38',0,'2020-05-05 15:57:45',0),(22,'新品上线 华为Mate30 Pro',4,10893,'##',200,0,'2019-09-19 23:26:05',0,'2019-09-19 23:26:05',0),(23,'新品上线 华为 Mate 30',4,10895,'##',199,0,'2019-09-19 23:26:32',0,'2019-09-19 23:26:32',0),(24,'华为 Mate 30 Pro',5,10894,'##',101,0,'2019-09-19 23:27:00',0,'2019-09-19 23:27:00',0),(25,'二手主机',3,10285,'##',400,1,'2020-05-04 09:16:42',0,'2020-05-04 09:20:36',0),(26,'二手手机',3,10285,'##',100,1,'2020-05-04 09:21:59',0,'2020-05-04 09:22:06',0),(27,'热销商品 苹果ipad 2017',3,10898,'##',500,0,'2020-05-05 11:59:41',0,'2020-05-05 11:59:41',0),(28,'热销商品 四六级收音机',3,10900,'##',499,0,'2020-05-05 12:24:00',0,'2020-05-05 12:24:00',0),(29,'笔记本电脑',3,10909,'##',498,0,'2020-05-05 15:58:30',0,'2020-05-05 15:58:30',0),(30,'头戴式降噪耳机',3,10908,'##',497,0,'2020-05-05 16:01:03',0,'2020-05-05 16:01:03',0),(31,'机械手感键盘',3,10906,'##',495,1,'2020-05-05 16:03:10',0,'2020-05-05 20:06:26',0),(32,'尼康D3000 7成新',3,10904,'##',600,1,'2020-05-05 17:28:33',0,'2020-05-05 17:29:37',0),(33,'尼康D3000 7成新',4,10904,'##',600,0,'2020-05-05 17:30:09',0,'2020-05-05 17:30:09',0),(34,'vivo原装耳机 全新',4,10907,'##',599,0,'2020-05-05 17:31:17',0,'2020-05-05 17:31:17',0),(35,'机械键盘 6成新',4,10906,'##',598,0,'2020-05-05 17:32:31',0,'2020-05-05 17:32:31',0),(36,'卡姿兰 轻甜唇爱随心盒',4,10204,'##',595,0,'2020-05-05 17:33:40',0,'2020-05-05 17:33:40',0),(37,'MacbookAir 13寸 8成新',4,10249,'##',594,1,'2020-05-05 17:34:37',0,'2020-06-03 21:29:33',0),(38,'化妆收纳盒 无印良品',5,10019,'##',600,0,'2020-05-05 17:46:05',0,'2020-05-05 17:46:05',0),(39,'乳液',5,10023,'##',599,0,'2020-05-05 17:46:53',0,'2020-05-05 17:46:53',0),(40,'遮瑕膏',5,10076,'##',597,0,'2020-05-05 17:48:30',0,'2020-05-05 17:48:30',0),(41,'乳液',5,10098,'##',595,0,'2020-05-05 17:49:20',0,'2020-05-05 17:49:20',0),(42,'蓝牙耳机',5,10164,'##',590,0,'2020-05-05 17:50:53',0,'2020-05-05 17:50:53',0);

/*Table structure for table `tb_yougoods_mall_order` */

DROP TABLE IF EXISTS `tb_yougoods_mall_order`;

CREATE TABLE `tb_yougoods_mall_order` (
  `order_id` bigint(20) NOT NULL AUTO_INCREMENT COMMENT '订单表主键id',
  `order_no` varchar(20) CHARACTER SET utf8 COLLATE utf8_general_ci NOT NULL DEFAULT '' COMMENT '订单号',
  `user_id` bigint(20) NOT NULL DEFAULT '0' COMMENT '用户主键id',
  `total_price` int(11) NOT NULL DEFAULT '1' COMMENT '订单总价',
  `pay_status` tinyint(4) NOT NULL DEFAULT '0' COMMENT '支付状态:0.未支付,1.支付成功,-1:支付失败',
  `pay_type` tinyint(4) NOT NULL DEFAULT '0' COMMENT '0.无 1.支付宝支付 2.微信支付',
  `pay_time` datetime DEFAULT NULL COMMENT '支付时间',
  `order_status` tinyint(4) NOT NULL DEFAULT '0' COMMENT '订单状态:0.待支付 1.已支付 2.配货完成 3:出库成功 4.交易成功 -1.手动关闭 -2.超时关闭 -3.商家关闭',
  `extra_info` varchar(100) CHARACTER SET utf8 COLLATE utf8_general_ci NOT NULL DEFAULT '' COMMENT '订单body',
  `user_name` varchar(30) CHARACTER SET utf8 COLLATE utf8_general_ci NOT NULL DEFAULT '' COMMENT '收货人姓名',
  `user_phone` varchar(11) CHARACTER SET utf8 COLLATE utf8_general_ci NOT NULL DEFAULT '' COMMENT '收货人手机号',
  `user_address` varchar(100) CHARACTER SET utf8 COLLATE utf8_general_ci NOT NULL DEFAULT '' COMMENT '收货人收货地址',
  `is_deleted` tinyint(4) NOT NULL DEFAULT '0' COMMENT '删除标识字段(0-未删除 1-已删除)',
  `create_time` datetime NOT NULL DEFAULT CURRENT_TIMESTAMP COMMENT '创建时间',
  `update_time` datetime NOT NULL DEFAULT CURRENT_TIMESTAMP COMMENT '最新修改时间',
  PRIMARY KEY (`order_id`) USING BTREE
) ENGINE=InnoDB AUTO_INCREMENT=28 DEFAULT CHARSET=utf8 ROW_FORMAT=DYNAMIC;

/*Data for the table `tb_yougoods_mall_order` */

insert  into `tb_yougoods_mall_order`(`order_id`,`order_no`,`user_id`,`total_price`,`pay_status`,`pay_type`,`pay_time`,`order_status`,`extra_info`,`user_name`,`user_phone`,`user_address`,`is_deleted`,`create_time`,`update_time`) values (1,'15688187285093508',1,2492,1,2,'2019-09-18 23:00:18',-1,'','','','xafsdufhpwe',0,'2019-09-18 22:53:07','2019-09-18 22:55:32'),(2,'15688188616936181',1,135,1,1,'2019-09-18 23:01:06',1,'','','','xafsdufhpwe',0,'2019-09-18 22:55:20','2019-09-18 23:01:06'),(3,'15689089426956979',1,15487,1,1,'2019-09-20 00:16:03',3,'','','','杭州市西湖区xx小区x幢419 十三 137xxxx2703',0,'2019-09-19 23:56:40','2019-09-20 00:10:39'),(4,'15689090398492576',1,8499,0,0,NULL,0,'','','','杭州市西湖区xx小区x幢419 十三 137xxxx2703',0,'2019-09-19 23:58:18','2019-09-19 23:58:18'),(5,'15689096266448452',1,115,1,2,'2019-09-20 00:13:52',1,'','','','杭州市西湖区xx小区x幢419 十三 137xxxx2703',0,'2019-09-20 00:08:04','2019-09-20 00:13:52'),(6,'15691645776131562',7,7998,1,1,'2019-09-22 23:05:53',1,'','','','杭州市西湖区xx小区x幢419 十三 137xxxx2703',0,'2019-09-22 22:57:15','2019-09-22 23:05:53'),(7,'15691648465397435',7,13998,1,2,'2019-09-22 23:07:38',-1,'','','','杭州市西湖区xx小区x幢419 十三 137xxxx2703',0,'2019-09-22 23:01:44','2019-09-22 23:02:10'),(8,'15691649071896878',7,1246,1,1,'2019-09-22 23:08:31',1,'','','','杭州市西湖区xx小区x幢419 十三 137xxxx2703',0,'2019-09-22 23:02:45','2019-09-22 23:08:31'),(9,'15691649748362177',7,25656,1,1,'2019-09-22 23:09:39',4,'','','','杭州市西湖区xx小区x幢419 十三 137xxxx2703',0,'2019-09-22 23:03:52','2019-09-22 23:50:45'),(10,'15691652286194502',7,16197,0,0,NULL,0,'','','','杭州市西湖区xx小区x幢419 十三 137xxxx2703',0,'2019-09-22 23:08:06','2019-09-22 23:08:06'),(11,'15692210075967186',6,5999,1,2,'2019-09-23 17:03:05',1,'','','','杭州市西湖区xx小区x幢419 十三 137xxxx2703',0,'2019-09-23 14:43:27','2019-09-23 17:03:05'),(12,'15692218454123239',6,7245,0,0,NULL,0,'','','','杭州市西湖区xx小区x幢419 十三 137xxxx2703',0,'2019-09-23 14:57:25','2019-09-23 14:57:25'),(13,'15692225252983527',6,5488,1,2,'2019-09-23 15:38:54',1,'','','','杭州市西湖区xx小区x幢419 十三 137xxxx2703',0,'2019-09-23 15:08:45','2019-09-23 15:38:54'),(14,'15692291639125640',6,9046,1,2,'2019-09-23 16:59:32',-1,'','','','杭州市西湖区xx小区x幢419 十三 137xxxx2709',0,'2019-09-23 16:59:23','2019-09-23 16:59:40'),(15,'15692295348262843',6,65,1,2,'2019-09-23 17:06:17',1,'','','','杭州市西湖区xx小区x幢419 十三 137xxxx2709',0,'2019-09-23 17:05:34','2019-09-23 17:06:17'),(16,'15692298037679052',6,15233,1,2,'2019-09-23 17:10:08',1,'','','','上海浦东新区XX路XX号 999 137xxxx7797',0,'2019-09-23 17:10:03','2019-09-23 17:10:08'),(17,'15694781962831307',7,1246,1,2,'2019-09-26 14:10:12',-1,'','','','杭州市西湖区xx小区x幢419 十三 137xxxx2703',0,'2019-09-26 14:09:56','2019-09-26 14:10:22'),(18,'15698039249771093',7,3199,0,0,NULL,0,'','','','杭州市西湖区xx小区x幢419 十三 137xxxx2703',0,'2019-09-30 08:38:26','2019-09-30 08:38:26'),(19,'15702783557537865',7,6819,0,0,NULL,0,'','','','杭州市西湖区xx小区x幢419 十三 137xxxx2703',0,'2019-10-05 20:20:10','2019-10-05 20:20:10'),(20,'15702847670935185',6,3999,1,2,'2019-10-05 22:13:03',-3,'','','','上海浦东新区XX路XX号 999 137xxxx7797',0,'2019-10-05 22:12:47','2020-05-13 20:50:09'),(21,'15882546581612566',9,3999,0,0,NULL,0,'','','','陕西省西安市西安邮电大学东区',0,'2020-04-30 21:50:58','2020-04-30 21:50:58'),(22,'15884871272286099',9,3199,0,0,NULL,0,'','','','陕西省西安市西安邮电大学东区',0,'2020-05-03 14:25:27','2020-05-03 14:25:27'),(23,'15886790758136860',9,499,0,0,NULL,0,'','','','陕西省西安市西安邮电大学东区',0,'2020-05-05 19:44:35','2020-05-05 19:44:35'),(24,'15886802880604126',9,499,0,0,NULL,0,'','','','陕西省西安市西安邮电大学东区',0,'2020-05-05 20:04:48','2020-05-05 20:04:48'),(25,'15886809283718250',9,499,0,0,NULL,0,'','','','陕西省西安市西安邮电大学东区',0,'2020-05-05 20:15:28','2020-05-05 20:15:28'),(26,'15911903758881149',10,20,1,1,'2020-06-03 21:20:31',1,'','','','西安邮电大学东区安美公寓',0,'2020-06-03 21:19:35','2020-06-03 21:20:31'),(27,'15922669718739143',11,45,0,0,NULL,0,'','','','西安邮电大学东区安美公寓',0,'2020-06-16 08:22:51','2020-06-16 08:22:51');

/*Table structure for table `tb_yougoods_mall_order_item` */

DROP TABLE IF EXISTS `tb_yougoods_mall_order_item`;

CREATE TABLE `tb_yougoods_mall_order_item` (
  `order_item_id` bigint(20) NOT NULL AUTO_INCREMENT COMMENT '订单关联购物项主键id',
  `order_id` bigint(20) NOT NULL DEFAULT '0' COMMENT '订单主键id',
  `goods_id` bigint(20) NOT NULL DEFAULT '0' COMMENT '关联商品id',
  `goods_name` varchar(200) CHARACTER SET utf8 COLLATE utf8_general_ci NOT NULL DEFAULT '' COMMENT '下单时商品的名称(订单快照)',
  `goods_cover_img` varchar(200) CHARACTER SET utf8 COLLATE utf8_general_ci NOT NULL DEFAULT '' COMMENT '下单时商品的主图(订单快照)',
  `selling_price` int(11) NOT NULL DEFAULT '1' COMMENT '下单时商品的价格(订单快照)',
  `goods_count` int(11) NOT NULL DEFAULT '1' COMMENT '数量(订单快照)',
  `create_time` datetime NOT NULL DEFAULT CURRENT_TIMESTAMP COMMENT '创建时间',
  PRIMARY KEY (`order_item_id`) USING BTREE
) ENGINE=InnoDB AUTO_INCREMENT=42 DEFAULT CHARSET=utf8 ROW_FORMAT=DYNAMIC;

/*Data for the table `tb_yougoods_mall_order_item` */

insert  into `tb_yougoods_mall_order_item`(`order_item_id`,`order_id`,`goods_id`,`goods_name`,`goods_cover_img`,`selling_price`,`goods_count`,`create_time`) values (1,1,10180,'Apple AirPods 配充电盒','/goods-img/64768a8d-0664-4b29-88c9-2626578ffbd1.jpg',1246,2,'2019-09-18 22:53:07'),(2,2,10147,'MUJI 羽毛 靠垫','/goods-img/0f701215-b782-40c7-8bbd-97b51be56461.jpg',65,1,'2019-09-18 22:55:20'),(3,2,10158,'无印良品 女式粗棉线条纹长袖T恤','http://localhost:28089/goods-img/5488564b-8335-4b0c-a5a4-52f3f03ee728.jpg',70,1,'2019-09-18 22:55:20'),(4,3,10742,'华为 HUAWEI P30 Pro','/goods-img/dda1d575-cdac-4eb4-a118-3834490166f7.jpg',5488,1,'2019-09-19 23:56:40'),(5,3,10320,'Apple iPhone 11 Pro','/goods-img/0025ad55-e260-4a00-be79-fa5b8c5ac0de.jpg',9999,1,'2019-09-19 23:56:40'),(6,4,10254,'Apple 2019款 MacBook Air 13.3','/goods-img/7810bc9d-236f-4386-a0ef-45a831b49bf2.jpg',8499,1,'2019-09-19 23:58:18'),(7,5,10104,'无印良品 MUJI 修正带','/goods-img/98ce17e1-890e-4eaf-856a-7fce8ffebc4c.jpg',15,1,'2019-09-20 00:08:04'),(8,5,10110,'无印良品 MUJI 基础润肤乳霜','/goods-img/30036561-a150-4ea7-9106-29bbea278909.jpg',100,1,'2019-09-20 00:08:04'),(9,6,10895,'HUAWEI Mate 30 4000万超感光徕卡影像','/goods-img/mate30-3.png',3999,2,'2019-09-22 22:57:15'),(10,7,10895,'HUAWEI Mate 30 4000万超感光徕卡影像','/goods-img/mate30-3.png',3999,1,'2019-09-22 23:01:44'),(11,7,10320,'Apple iPhone 11 Pro','/goods-img/0025ad55-e260-4a00-be79-fa5b8c5ac0de.jpg',9999,1,'2019-09-22 23:01:44'),(12,8,10180,'Apple AirPods 配充电盒','/goods-img/64768a8d-0664-4b29-88c9-2626578ffbd1.jpg',1246,1,'2019-09-22 23:02:45'),(13,9,10237,'MAC 雾面丝绒哑光子弹头口红','http://localhost:28089/goods-img/1930d79b-88bd-4c5c-8510-0697c9ad2578.jpg',165,4,'2019-09-22 23:03:52'),(14,9,10254,'Apple 2019款 MacBook Air 13.3','/goods-img/7810bc9d-236f-4386-a0ef-45a831b49bf2.jpg',8499,2,'2019-09-22 23:03:52'),(15,9,10195,'索尼 WH-1000XM3 头戴式耳机','http://localhost:28089/goods-img/0dc503b2-90a2-4971-9723-c085a1844b76.jpg',2599,1,'2019-09-22 23:03:52'),(16,9,10894,'HUAWEI Mate 30 Pro','/goods-img/mate30p3.png',5399,1,'2019-09-22 23:03:52'),(17,10,10894,'HUAWEI Mate 30 Pro','/goods-img/mate30p3.png',5399,3,'2019-09-22 23:08:06'),(18,11,10279,'Apple iPhone 11 (A2223)','/goods-img/a0d09f94-9c46-4ee1-aaef-dfd132e7543e.jpg',5999,1,'2019-09-23 14:43:27'),(19,12,10279,'Apple iPhone 11 (A2223)','/goods-img/a0d09f94-9c46-4ee1-aaef-dfd132e7543e.jpg',5999,1,'2019-09-23 14:57:26'),(20,12,10159,'Apple AirPods 配充电盒','/goods-img/53c9f268-7cd4-4fac-909c-2dc066625655.jpg',1246,1,'2019-09-23 14:57:26'),(21,13,10742,'华为 HUAWEI P30 Pro','/goods-img/dda1d575-cdac-4eb4-a118-3834490166f7.jpg',5488,1,'2019-09-23 15:08:46'),(22,14,10158,'无印良品 女式粗棉线条纹长袖T恤','/goods-img/5488564b-8335-4b0c-a5a4-52f3f03ee728.jpg',70,1,'2019-09-23 16:59:24'),(23,14,10704,'华为 HUAWEI P30 超感光徕卡三摄麒麟980AI...','/goods-img/b9e6d770-06dd-40f4-9ae5-31103cec6e5f.jpg',3988,1,'2019-09-23 16:59:24'),(24,14,10739,'华为 HUAWEI P30 Pro','/goods-img/65c8e729-aeca-4780-977b-4d0d39d4aa2e.jpg',4988,1,'2019-09-23 16:59:24'),(25,15,10147,'MUJI 羽毛 靠垫','/goods-img/0f701215-b782-40c7-8bbd-97b51be56461.jpg',65,1,'2019-09-23 17:05:34'),(26,16,10742,'华为 HUAWEI P30 Pro','/goods-img/dda1d575-cdac-4eb4-a118-3834490166f7.jpg',5488,1,'2019-09-23 17:10:03'),(27,16,10159,'Apple AirPods 配充电盒','/goods-img/53c9f268-7cd4-4fac-909c-2dc066625655.jpg',1246,1,'2019-09-23 17:10:03'),(28,16,10254,'Apple 2019款 MacBook Air 13.3','/goods-img/7810bc9d-236f-4386-a0ef-45a831b49bf2.jpg',8499,1,'2019-09-23 17:10:03'),(29,17,10180,'Apple AirPods 配充电盒','/goods-img/64768a8d-0664-4b29-88c9-2626578ffbd1.jpg',1246,1,'2019-09-26 14:09:56'),(30,18,10779,'华为 HUAWEI Mate 20','/goods-img/08f9a912-f049-4cf8-a839-115fc6582398.jpg',3199,1,'2019-09-30 08:38:26'),(31,19,10742,'华为 HUAWEI P30 Pro','/goods-img/dda1d575-cdac-4eb4-a118-3834490166f7.jpg',5488,1,'2019-10-05 20:20:10'),(32,19,10154,'无印良品 MUJI 塑料浴室座椅','/goods-img/15395057-94e9-4545-a8ee-8aee025f40c5.jpg',85,1,'2019-10-05 20:20:10'),(33,19,10159,'Apple AirPods 配充电盒','/goods-img/53c9f268-7cd4-4fac-909c-2dc066625655.jpg',1246,1,'2019-10-05 20:20:10'),(34,20,10895,'HUAWEI Mate 30 4000万超感光徕卡影像','/goods-img/mate30-3.png',3999,1,'2019-10-05 22:12:47'),(35,21,10895,'HUAWEI Mate 30 4000万超感光徕卡影像','/goods-img/mate30-3.png',3999,1,'2020-04-30 21:50:58'),(36,22,10779,'华为 HUAWEI Mate 20','/goods-img/08f9a912-f049-4cf8-a839-115fc6582398.jpg',3199,1,'2020-05-03 14:25:27'),(37,23,10164,'Beats X 蓝牙无线 99新','http://localhost:28089/goods-img/911531a4-39a6-4771-b26e-2ba4db1ebcda.jpg',499,1,'2020-05-05 19:44:35'),(38,24,10164,'Beats X 蓝牙无线 99新','http://localhost:28089/goods-img/911531a4-39a6-4771-b26e-2ba4db1ebcda.jpg',499,1,'2020-05-05 20:04:48'),(39,25,10164,'Beats X 蓝牙无线 99新','http://localhost:28089/goods-img/911531a4-39a6-4771-b26e-2ba4db1ebcda.jpg',499,1,'2020-05-05 20:15:28'),(40,26,10908,'头戴式降噪耳机 8成新','http://localhost:28089/upload/20200505_15324830.jpg',20,1,'2020-06-03 21:19:35'),(41,27,10901,'凯迪959收音机 9成新','http://localhost:28089/upload/20200505_12301519.jpg',45,1,'2020-06-16 08:22:51');

/*Table structure for table `tb_yougoods_mall_shopping_cart_item` */

DROP TABLE IF EXISTS `tb_yougoods_mall_shopping_cart_item`;

CREATE TABLE `tb_yougoods_mall_shopping_cart_item` (
  `cart_item_id` bigint(20) NOT NULL AUTO_INCREMENT COMMENT '购物项主键id',
  `user_id` bigint(20) NOT NULL COMMENT '用户主键id',
  `goods_id` bigint(20) NOT NULL DEFAULT '0' COMMENT '关联商品id',
  `goods_count` int(11) NOT NULL DEFAULT '1' COMMENT '数量(最大为5)',
  `is_deleted` tinyint(4) NOT NULL DEFAULT '0' COMMENT '删除标识字段(0-未删除 1-已删除)',
  `create_time` datetime NOT NULL DEFAULT CURRENT_TIMESTAMP COMMENT '创建时间',
  `update_time` datetime NOT NULL DEFAULT CURRENT_TIMESTAMP COMMENT '最新修改时间',
  PRIMARY KEY (`cart_item_id`) USING BTREE
) ENGINE=InnoDB AUTO_INCREMENT=87 DEFAULT CHARSET=utf8 ROW_FORMAT=DYNAMIC;

/*Data for the table `tb_yougoods_mall_shopping_cart_item` */

insert  into `tb_yougoods_mall_shopping_cart_item`(`cart_item_id`,`user_id`,`goods_id`,`goods_count`,`is_deleted`,`create_time`,`update_time`) values (69,9,10895,1,1,'2020-04-30 21:50:13','2020-04-30 21:50:13'),(70,9,10320,1,1,'2020-04-30 21:50:25','2020-04-30 21:50:25'),(71,9,10154,1,1,'2020-05-01 10:29:03','2020-05-01 10:29:03'),(72,9,10779,1,1,'2020-05-03 14:25:14','2020-05-03 14:25:14'),(73,9,10147,1,1,'2020-05-03 14:48:43','2020-05-03 14:48:43'),(74,9,10742,1,1,'2020-05-03 14:53:45','2020-05-03 14:53:45'),(75,9,10898,1,1,'2020-05-05 12:00:07','2020-05-05 12:00:07'),(76,9,10904,1,1,'2020-05-05 19:40:21','2020-05-05 19:40:21'),(77,9,10164,1,1,'2020-05-05 19:43:53','2020-05-05 19:43:53'),(78,9,10164,1,1,'2020-05-05 20:04:00','2020-05-05 20:04:00'),(79,9,10098,1,1,'2020-05-05 20:04:13','2020-05-05 20:04:13'),(80,9,10164,1,1,'2020-05-05 20:14:54','2020-05-05 20:14:54'),(81,9,10098,1,1,'2020-05-05 20:15:03','2020-05-05 20:15:03'),(82,9,10901,1,1,'2020-05-14 11:26:38','2020-05-14 11:26:38'),(83,9,10908,1,0,'2020-05-14 17:47:10','2020-05-14 17:47:10'),(84,10,10910,1,1,'2020-06-03 21:17:18','2020-06-03 21:17:18'),(85,10,10908,1,1,'2020-06-03 21:18:03','2020-06-03 21:18:03'),(86,11,10901,1,1,'2020-06-16 08:22:22','2020-06-16 08:22:22');

/*Table structure for table `tb_yougoods_mall_user` */

DROP TABLE IF EXISTS `tb_yougoods_mall_user`;

CREATE TABLE `tb_yougoods_mall_user` (
  `user_id` bigint(20) NOT NULL AUTO_INCREMENT COMMENT '用户主键id',
  `nick_name` varchar(50) CHARACTER SET utf8 COLLATE utf8_general_ci NOT NULL DEFAULT '' COMMENT '用户昵称',
  `login_name` varchar(11) CHARACTER SET utf8 COLLATE utf8_general_ci NOT NULL DEFAULT '' COMMENT '登陆名称(默认为手机号)',
  `password_md5` varchar(32) CHARACTER SET utf8 COLLATE utf8_general_ci NOT NULL DEFAULT '' COMMENT 'MD5加密后的密码',
  `introduce_sign` varchar(100) CHARACTER SET utf8 COLLATE utf8_general_ci NOT NULL DEFAULT '' COMMENT '个性签名',
  `address` varchar(100) CHARACTER SET utf8 COLLATE utf8_general_ci NOT NULL DEFAULT '' COMMENT '收货地址',
  `is_deleted` tinyint(4) NOT NULL DEFAULT '0' COMMENT '注销标识字段(0-正常 1-已注销)',
  `locked_flag` tinyint(4) NOT NULL DEFAULT '0' COMMENT '锁定标识字段(0-未锁定 1-已锁定)',
  `create_time` datetime NOT NULL DEFAULT CURRENT_TIMESTAMP COMMENT '注册时间',
  PRIMARY KEY (`user_id`) USING BTREE
) ENGINE=InnoDB AUTO_INCREMENT=12 DEFAULT CHARSET=utf8 ROW_FORMAT=DYNAMIC;

/*Data for the table `tb_yougoods_mall_user` */

insert  into `tb_yougoods_mall_user`(`user_id`,`nick_name`,`login_name`,`password_md5`,`introduce_sign`,`address`,`is_deleted`,`locked_flag`,`create_time`) values (1,'十三','13700002703','e10adc3949ba59abbe56e057f20f883e','我不怕千万人阻挡，只怕自己投降','杭州市西湖区xx小区x幢419 十三 137xxxx2703',0,0,'2019-09-22 08:44:57'),(6,'测试用户1','13711113333','dda01dc6d334badcd031102be6bee182','测试用户1','上海浦东新区XX路XX号 999 137xxxx7797',0,0,'2019-08-29 10:51:39'),(7,'测试用户2测试用户2测试用户2测试用户2','13811113333','dda01dc6d334badcd031102be6bee182','测试用户2','杭州市西湖区xx小区x幢419 十三 137xxxx2703',0,0,'2019-08-29 10:55:08'),(8,'测试用户3','13911113333','dda01dc6d334badcd031102be6bee182','测试用户3','杭州市西湖区xx小区x幢419 十三 137xxxx2703',0,0,'2019-08-29 10:55:16'),(9,'15991047244','15991047244','9daa6e7977d179d34ceae0b8dc264c1b','','陕西省西安市西安邮电大学东区',0,0,'2020-04-30 21:42:26'),(10,'1519191..','15191912846','d964173dc44da83eeafa3aebbee9a1a0','计科1601学生','西安邮电大学东区安美公寓',0,0,'2020-06-03 21:15:29'),(11,'1599104..','15991047288','9daa6e7977d179d34ceae0b8dc264c1b','计科1601学生','西安邮电大学东区安美公寓',0,0,'2020-06-16 08:21:39');

/*!40101 SET SQL_MODE=@OLD_SQL_MODE */;
/*!40014 SET FOREIGN_KEY_CHECKS=@OLD_FOREIGN_KEY_CHECKS */;
/*!40014 SET UNIQUE_CHECKS=@OLD_UNIQUE_CHECKS */;
/*!40111 SET SQL_NOTES=@OLD_SQL_NOTES */;
